{
  "best_hyperparameters": {
    "hidden_dim": 72,
    "num_layers": 2,
    "dropout": 0.05827621298363958,
    "lr": 0.01,
    "weight_decay": 0.001,
    "gnn_type": "sage"
  },
  "best_val_macro_f1": 0.9529310902506127,
  "convergence_history": [
    0.8562562700428028,
    0.9529310902506127,
    0.9529310902506127,
    0.9529310902506127,
    0.9529310902506127,
    0.9529310902506127,
    0.9529310902506127,
    0.9529310902506127
  ],
  "population_mean_history": [
    0.544618805732315,
    0.8325467383966269,
    0.838586662344385,
    0.9274308116283061,
    0.9293342362780757,
    0.9414196958104414,
    0.9437827650196317,
    0.9499800820892589
  ],
  "total_evaluations": 102
}